nombre,correo,puesto,id,extension
Aguacate,Aguacate@hotmail.com,Vendedor,3333,1111nombre,correo,puesto,id,extension
Brandon,SSSS@hotmail.com,Tienda,34234,999
nombre,correo,puesto,id,extension
Nidia,nidia@hotmail.com,Si,0000,9899
nombre,correo,puesto,id,extension
Nombrecillo,correoelec@hotmail.com,Agua,23231,75656
nombre,correo,puesto,id,extension
NOMBRE12345678,correo@correo.com,jefe,5432,9876
nombre,correo,puesto,id,extension
Prueba,prueba@gmail.com,Prueba,Prueba,Prueba
nombre,puesto,ua,id,extension,correo,marca,modelo,serie,macadress,jefe,puestojefe,servicios,justificacion
Brandon HS,Empleado,No se,12,4241,brandon@hotmail.com,Marcas,Modelos,1212FDSAD34234,12:12:12:12:12,Jefazo,El jefe,Todos,No sirve
nombre,puesto,ua,id,extension,correo,marca,modelo,serie,macadress,jefe,puestojefe,servicios,justificacion
PruebaRoutes,Si,1212,1515,19181,brandon@correo.com,Si,Model,1231Fsddf12,11:11:11:11:12,Ei,Si,Service,justifico
nombre,puesto,ua,id,extension,correo,marca,modelo,serie,macadress,jefe,puestojefe,servicios,justificacion
Graciela,soporte a telefon√≠a,GTIC,123,4116,graciela.sanchez@conagua.gob.mx,Lenovo,767yuh,hfgyugukhk8976786098,hghkjkghkhg,isaac frias,jefe,seguridad,porque soy jefa
